ratio,variance,symmetry,noise,size,decodable,label
0.3327100073046019,14436.46414381689,0.7519357195032871,72.64363704920116,370,0,benign
0.32343316289262236,14229.04048600414,0.7485756026296567,73.7984826353932,370,0,benign
0.3106501095690285,13924.883900070485,0.7445142439737035,73.68671756332634,370,0,benign
0.3249744338933528,14264.277479868324,0.7512198685171658,74.34239000070598,370,0,benign
0.31985390796201607,14146.018743661834,0.760409057706355,73.2740869192625,370,0,benign
0.3255368882395909,14277.05953683275,0.7422936449963476,73.88786051925678,370,0,benign
0.3148137326515705,14026.285666220778,0.7290284879474068,73.53275881493431,370,0,benign
0.33286340394448505,14439.799920789892,0.7646603360116874,73.74180087372291,370,0,benign
0.3370854638422206,14530.411975399924,0.7617384952520088,73.59209437495787,370,0,benign
0.33613586559532505,14510.234168263827,0.7385098612125639,72.850723202959,370,0,benign
0.324163623082542,14245.778995129021,0.7659605551497444,73.62537325353631,370,0,benign
0.3245215485756026,14253.95553339734,0.777808619430241,74.03456275003074,370,0,benign
0.31905040175310445,14127.152219201018,0.743491599707816,73.82866325133644,370,0,benign
0.31607012417823227,14056.4412957318,0.7376186997808619,74.1657562804125,370,0,benign
0.3264280496712929,14297.227393292253,0.7532797662527392,73.60227971311814,370,0,benign
0.3285463842220599,14344.752837824499,0.7624835646457268,74.03214121885553,370,0,benign
0.3354054054054054,14494.632978451427,0.7442074506939372,73.59787897387751,370,0,benign
0.3252468768590125,14270.474020559415,0.7292088042831648,73.47128543183766,410,0,benign
0.32869247626004383,14348.008943463234,0.7500657414170928,74.06643980271312,370,0,benign
0.34161431701972245,14625.031252132285,0.7439152666179694,73.44256026783941,370,0,benign
0.34155588020452887,14623.827345168047,0.7379254930606282,73.59412925713781,370,0,benign
0.34132943754565376,14619.15801099265,0.7355734112490869,73.14110966915038,370,0,benign
0.3212417823228634,14178.408612328398,0.7518188458728999,74.07477250689483,370,0,benign
0.32569028487947405,14280.538412029433,0.7557487216946677,73.21445535801851,370,0,benign
0.30661796932067203,13824.535448427323,0.7516435354273192,73.73217592042936,370,0,benign
0.3230606281957633,14220.477127326578,0.7355880204528853,73.88064466032692,370,0,benign
0.3370781592403214,14530.257209071153,0.7621621621621621,73.6768911897199,370,0,benign
0.3465887509130752,14725.885887199656,0.7591234477720964,73.61921033583691,370,0,benign
0.3232870708546384,14225.684457253143,0.7575164353542732,73.46693967196029,370,0,benign
0.3222571219868517,14201.945692247087,0.746837107377648,73.78140822258182,370,0,benign
0.31913075237399563,14129.04264998978,0.7482980277574872,74.50977760053931,370,0,benign
0.34446311176040906,14683.183172698342,0.7580861943024105,73.38826963261272,370,0,benign
0.3212417823228634,14178.4086123284,0.7690284879474069,73.44833187366174,370,0,benign
0.3264280496712929,14297.227393292253,0.7449525200876552,73.5279532833253,370,0,benign
0.33832724616508403,14556.62139139994,0.7317896274653032,73.55201828714175,370,0,benign
0.32722425127830534,14315.158856004105,0.7421621621621621,73.5286509668145,370,0,benign
0.3397224251278305,14585.829212026074,0.743491599707816,73.52407495679378,370,0,benign
0.32014609203798394,14152.858480696163,0.7623082542001461,73.16738592253404,370,0,benign
0.33511322132943755,14488.373073032415,0.7408473338203068,73.2910271106765,370,0,benign
0.3300146092037984,14377.350473703966,0.7431848064280496,73.49211247719491,370,0,benign
0.3240248356464573,14242.604018036604,0.7418699780861943,73.47734925462014,370,0,benign
0.3348210372534697,14482.102065045372,0.7496128560993426,73.32508362331257,370,0,benign
0.33117604090577063,14402.93806609464,0.7529583637691746,73.57765697353365,370,0,benign
0.3210153396639883,14173.141050970275,0.7290138787436085,73.25744814492045,370,0,benign
0.3283199415631848,14339.700388721938,0.7678743608473338,74.16548628360883,370,0,benign
0.3355661066471877,14498.071193962258,0.750927684441198,73.50303629786136,370,0,benign
0.3187509130752374,14120.098670993313,0.7344192841490139,73.80165846923595,370,0,benign
0.32745799853907964,14320.407484014178,0.7316435354273192,73.90889558222538,370,0,benign
0.33519357195032873,14490.095653809893,0.743608473338203,73.23715867458796,370,0,benign
0.32322132943754567,14224.173338761982,0.7573557341124909,73.62317627057652,370,0,benign
0.32,14149.44,0.7437837837837837,73.51236890992799,370,0,benign
0.334236669101534,14469.526741367203,0.7500511322132943,73.73188594368304,370,0,benign
0.32006574141709276,14150.978659798968,0.7515120525931337,73.90726995922469,370,0,benign
0.3276552227903579,14324.830486900537,0.7424397370343316,74.22239599454407,370,0,benign
0.3393498904309715,14578.055037762231,0.7523886048210372,73.38933146421124,370,0,benign
0.34081811541271,14608.589823440996,0.7393718042366692,73.02800974370088,370,0,benign
0.32897735573411246,14354.350366018449,0.733981008035062,73.3415798217555,370,0,benign
0.32737764791818846,14318.604069602346,0.7281519357195033,73.58076946844827,370,0,benign
0.3159824689554419,14054.344076143943,0.7522571219868517,74.04033910140699,370,0,benign
0.322045288531775,14197.046146323608,0.7288531775018261,73.46493474073407,370,0,benign
0.3232870708546384,14225.684457253143,0.7817677136596055,74.08318173566644,370,0,benign
0.3194229364499635,14135.909865879989,0.7276990504017531,73.70498274107784,370,0,benign
0.3347626004382761,14480.8465311398,0.7621767713659605,73.70003693032895,370,0,benign
0.3271585098612126,14313.681399111389,0.762191380569759,73.68960496731289,370,0,benign
0.3176698319941563,14094.540032018325,0.7699196493791088,74.4929714322625,370,0,benign
0.3486340394448503,14766.419697688723,0.757954711468225,73.10286722911957,370,0,benign
0.3451278305332359,14696.600088380885,0.7594156318480643,73.44043226724436,370,0,benign
0.3218334550766983,14192.140764612812,0.7532651570489408,74.07844332038533,370,0,benign
0.3204309715120526,14159.516534613356,0.7529729729729729,73.62364798135195,370,0,benign
0.3328487947406866,14439.48235958784,0.7482980277574872,73.26298485973362,370,0,benign
0.32736303871439004,14318.276085864554,0.743608473338203,74.45877422146579,370,0,benign
0.3349744338933528,14485.395728590021,0.7379108838568298,73.10690943599903,370,0,benign
0.3297735573411249,14372.0178582363,0.7452154857560263,74.18539953645032,370,0,benign
0.323718042366691,14235.57675862826,0.7366106647187728,73.72233791098388,370,0,benign
0.32006574141709276,14150.97865979897,0.7485902118334551,73.32206101879636,370,0,benign
0.320445580715851,14159.85768877247,0.7452300949598247,73.83351743793509,370,0,benign
0.32051132213294375,14161.392539002787,0.7639444850255661,73.90926823363131,370,0,benign
0.31883856829802776,14122.164331531547,0.7646603360116874,74.67692230404431,370,0,benign
0.3370854638422206,14530.411975399924,0.7392403214024835,73.42381811986395,370,0,benign
0.3227684441197955,14213.748138408331,0.7494667640613587,73.70437852397144,370,0,benign
0.33592403214024835,14505.716967026849,0.7370343316289262,73.28564415329444,370,0,benign
0.3194813732651571,14137.28197674986,0.7515120525931337,74.07043108918647,370,0,benign
0.3258436815193572,14284.014227080808,0.7472607742878014,73.72183112941993,370,0,benign
0.334609203798393,14477.5486416802,0.745799853907962,73.76489676137341,370,0,benign
0.31722425127830534,14083.961494791536,0.7366252739225713,73.46706939923509,370,0,benign
0.31982153480071385,14145.260237114888,0.7397739440809042,74.46450572801288,410,0,benign
0.322118334550767,14198.736304132884,0.7592695398100804,74.21274390148993,370,0,benign
0.3431482834185537,14656.474973829623,0.736172388604821,72.97587742920908,370,0,benign
0.33533966398831266,14493.225467737297,0.7326515704894083,72.94829619379449,370,0,benign
0.31737034331628927,14087.432712685833,0.7507962016070124,73.56507252012725,370,0,benign
0.314536157779401,14019.595688950947,0.733382030679328,74.20090645288035,370,0,benign
0.33132213294375457,14406.144210177246,0.7661066471877283,72.19546008782831,370,0,benign
0.3305989773557341,14390.24666159818,0.7544338933528123,73.40493458544425,370,0,benign
0.33051862673484295,14388.476069153076,0.7484295105916727,74.14241906715482,370,0,benign
0.33155588020452886,14411.268267374042,0.7269539810080351,73.44106392492377,370,0,benign
0.33760409057706353,14541.3826483904,0.731336742147553,73.17432107060735,370,0,benign
0.3435208181154127,14664.065123028382,0.7407158509861212,73.33144727428595,370,0,benign
0.3357048940832725,14501.03785912203,0.7605551497443389,72.43445333719761,370,0,benign
0.31656683710737765,14068.30666569735,0.726837107377648,73.56461100865862,370,0,benign
0.3386267348429511,14562.912470748246,0.7449525200876552,73.19104747330589,370,0,benign
0.3308765522279036,14396.356793374474,0.7385098612125639,73.22306779745551,370,0,benign
0.31655222790357923,14067.9581422087,0.7367421475529584,73.66649531896115,370,0,benign
0.33555149744338936,14497.758767697916,0.7205405405405405,72.59164285569695,370,0,benign
0.33940511600237955,14579.208642277246,0.7293277810826889,73.45214648721297,410,0,benign
0.33782322863403946,14546.007631276076,0.7406866325785245,73.32125649525378,370,0,benign
0.3195617238860482,14139.167904059466,0.7274214755295836,73.37751590504179,370,0,benign
0.31664718772826883,14070.223048738875,0.761154127100073,74.25014779759653,370,0,benign
0.33577063550036523,14502.442247238896,0.7553104455807158,73.71687440680076,370,0,benign
0.32424397370343316,14247.615994809143,0.7573557341124909,74.0925200564813,370,0,benign
0.3210956902848795,14175.010948947287,0.7449525200876552,73.68887888174802,370,0,benign
0.3259897735573411,14287.321682096688,0.7353104455807159,74.55825362885385,370,0,benign
0.33672753834915997,14522.820264902533,0.7325054784514244,72.99779975509676,370,0,benign
0.32138056975894813,14181.633821602043,0.7551643535427319,73.71399558175581,370,0,benign
0.30640613586559534,13819.205060412367,0.7690430971512052,74.12014766467597,370,0,benign
0.342863403944485,14650.658563960087,0.7617238860482104,73.66049614840665,370,0,benign
0.32160701241782325,14186.890627347384,0.735018261504748,72.98141000585032,370,0,benign
0.3403798392987582,14599.504314458576,0.7336742147552958,73.18078291180068,370,0,benign
0.33636230825420016,14515.056447252928,0.733382030679328,73.2965989265438,370,0,benign
0.33569028487947405,14500.725696543679,0.758217677136596,73.64815112301049,370,0,benign
0.31320672023374724,13987.41529798667,0.743491599707816,74.46424040815273,370,0,benign
0.3269320672023375,14308.588078680275,0.7538495252008766,74.0953152123051,370,0,benign
0.325390796201607,14273.74347732665,0.7475529583637692,74.15417285614905,370,0,benign
0.3175164353542732,14090.90115493813,0.7531336742147553,73.60608327193253,370,0,benign
0.3295690284879474,14367.487288813503,0.7396639883126369,73.18685859224924,370,0,benign
0.3235865595325055,14232.56132890798,0.7572096420745069,73.9751267722537,370,0,benign
0.3187655222790358,14120.443017140737,0.7615924032140249,74.05959034697491,370,0,benign
0.33307523739956174,14444.40143909195,0.737472607742878,72.9932342185463,370,0,benign
0.32782322863403945,14328.594240114646,0.748736303871439,73.92903003500923,370,0,benign
0.3458655953250548,14711.424108839901,0.7554565376186998,74.09038520913037,370,0,benign
0.3222717311906501,14202.283376853697,0.7646603360116874,74.18008845591913,370,0,benign
0.3349744338933528,14485.395728590018,0.7361577794010227,73.02195619525601,370,0,benign
0.33710007304601897,14530.721487240156,0.7607158509861213,73.11820261125334,370,0,benign
0.3249671292914536,14264.111208503435,0.7588020452885318,73.61312112947992,370,0,benign
0.33490869247626004,14483.984533211124,0.755018261504748,73.21457075201599,370,0,benign
0.31196493791088387,13957.149073019875,0.747582176771366,73.50612048862962,370,0,benign
0.3318918918918919,14418.621650840032,0.745945945945946,73.83854968602694,370,0,benign
0.3329291453615778,14441.228602713423,0.739108838568298,73.56593579948058,370,0,benign
0.3102118334550767,13914.078880864558,0.768736303871439,73.20052453786346,370,0,benign
0.30794740686632577,13857.854990627808,0.7484295105916727,73.55442839127961,370,0,benign
0.3277428780131483,14326.794642210572,0.7439006574141709,72.93110022194142,370,0,benign
0.3281738495252009,14336.437205196089,0.7577940102264427,73.68568713143489,370,0,benign
0.33161431701972244,14412.548171416436,0.7575164353542732,73.78109503568417,370,0,benign
0.33569758948137324,14500.881781302407,0.7566252739225712,73.57669374153046,370,0,benign
0.3128414901387874,13978.534284429143,0.7395471146822498,73.64353792415255,370,0,benign
0.33613586559532505,14510.234168263825,0.7596932067202338,73.84946796872049,370,0,benign
0.33547845142439736,14496.196220029922,0.754872169466764,73.49005774476751,370,0,benign
0.32467494521548573,14257.454663841581,0.7449525200876552,73.31227702228281,370,0,benign
0.3091891891891892,13888.770021913808,0.7573411249086924,73.39969882831802,370,0,benign
0.3382615047479912,14555.238861463878,0.7608765522279036,72.89175566236439,370,0,benign
0.32897735573411246,14354.35036601845,0.7537034331628927,73.7664986549751,370,0,benign
0.3196347699050402,14140.881654825811,0.7487216946676406,73.69306503098498,370,0,benign
0.31970051132213295,14142.423437222045,0.7367567567567568,73.58620774385385,370,0,benign
0.3151789627465303,14035.073001860568,0.7678597516435355,73.8027437729219,370,0,benign
0.32570489408327247,14280.86957387732,0.7580861943024105,74.11216384708014,370,0,benign
0.31926223520818114,14132.134271083169,0.7541417092768444,73.7213893251947,370,0,benign
0.31715120525931334,14082.224844978638,0.7503579254930606,74.34716251540853,370,0,benign
0.3286267348429511,14346.5440394115,0.7705040175310446,73.45799380605533,370,0,benign
0.32620160701241785,14292.112561635577,0.7453761869978086,73.56596306903961,370,0,benign
0.3399342585829072,14590.241771559378,0.7494667640613587,73.22453244779938,370,0,benign
0.32073776479181887,14166.674943106544,0.7677282688093499,73.84121694990542,370,0,benign
0.32306793279766255,14220.645209797882,0.7618991964937911,74.12803705710525,370,0,benign
0.3459970781592403,14714.05858169469,0.754872169466764,73.14432493029297,370,0,benign
0.33445580715850987,14474.24769207528,0.7367567567567568,73.2509609289599,370,0,benign
0.3239444850255661,14240.764728451824,0.7597078159240321,73.76901158922509,370,0,benign
0.334609203798393,14477.548641680196,0.7596785975164354,73.0982005541654,370,0,benign
0.3229145361577794,14217.114020688456,0.7615924032140249,74.17331775276912,370,0,benign
0.3376771365960555,14542.92500326279,0.7311906501095691,73.26087847710768,370,0,benign
0.3229218407596786,14217.28224194186,0.7393718042366692,73.97091900987338,370,0,benign
0.3153981008035062,14040.337076318414,0.7349890430971512,73.21169712438217,370,0,benign
0.3189773557341125,14125.432917150663,0.7506501095690284,74.20038004615397,370,0,benign
0.3314682249817385,14409.347578617848,0.7550328707085464,73.70446553358177,370,0,benign
0.3314682249817385,14409.347578617842,0.7472607742878014,73.45379343333865,370,0,benign
0.3248283418553689,14260.9507341405,0.7602775748721695,73.81893753842077,370,0,benign
0.32139517896274655,14181.973171593852,0.7351497443389335,73.79195994335306,370,0,benign
0.3101972242512783,13913.71828333318,0.7704894083272462,73.18496372298048,370,0,benign
0.3402264426588751,14596.318484605908,0.7293060628195763,73.37843771656712,370,0,benign
0.3276771365960555,14325.32161940596,0.7639298758217677,73.44467464396514,370,0,benign
0.3452008765522279,14698.070970471588,0.7402775748721695,73.44461874567183,370,0,benign
0.3235062089116143,14230.717459513888,0.7465595325054785,73.1263542685393,370,0,benign
0.32430241051862674,14248.95146720452,0.7553104455807158,73.71843655845106,370,0,benign
0.3368663257852447,14525.765967026045,0.73836376917458,72.97201713121194,370,0,benign
0.32299488677867055,14218.964072825118,0.7604382761139518,74.43452946280549,370,0,benign
0.3210299488677867,14173.481094872583,0.7667056245434624,74.07125095746532,370,0,benign
0.33359386413440467,14455.642591456926,0.7525346968590212,73.90541955834107,370,0,benign
0.3214682249817385,14183.669505206595,0.7588166544923302,73.74260832726928,370,0,benign
0.320445580715851,14159.857688772472,0.7474214755295836,73.70199948354576,370,0,benign
0.32029948867786706,14156.444898142421,0.7427465303140979,73.81148712790903,370,0,benign
0.33029948867786707,14383.642913116855,0.7706647187728268,73.53890835104869,370,0,benign
0.3312417823228634,14404.381174417511,0.7650986121256391,73.67453836797851,370,0,benign
0.322045288531775,14197.046146323608,0.7481665449233017,73.82759063604637,370,0,benign
0.3168663257852447,14075.445280393466,0.7501972242512783,74.11095368189467,370,0,benign
0.31949598246895544,14137.624935076283,0.7642220598977356,73.94317535902768,370,0,benign
0.30787436084733383,13856.030214181174,0.7547406866325785,74.45902063382174,370,0,benign
0.3328560993425858,14439.641143658415,0.736917457998539,73.74712947628728,370,0,benign
0.3370791195716835,14530.277556498058,0.7406186793575252,73.57949645224002,410,0,benign
0.3197735573411249,14144.135869558433,0.7598392987582177,73.58286137483347,370,0,benign
0.3312490869247626,14404.541485091197,0.7680350620891161,73.92301900605518,370,0,benign
0.3254857560262966,14275.899231734891,0.7547260774287802,73.88314723442318,370,0,benign
0.32921110299488676,14359.545701701989,0.7449379108838569,73.97214982049884,370,0,benign
0.33043827611395177,14386.704637076267,0.744645726807889,73.46570155816534,370,0,benign
0.32154127100073043,14185.365144908843,0.7452300949598247,73.41366879195236,370,0,benign
0.3268663257852447,14307.108123709759,0.7592403214024835,73.43440247647776,370,0,benign
0.3298539079620161,14373.79623635723,0.7542878013148283,73.90830380131203,370,0,benign
0.3394886778670562,14580.953408250412,0.7567567567567568,72.8633427617945,370,0,benign
0.33065010956902846,14391.372965081442,0.7510591672753835,73.68051916195502,370,0,benign
0.3211760409057706,14176.880007292595,0.7268224981738495,73.1139841827248,370,0,benign
0.3370927684441198,14530.56673478959,0.7360116873630387,73.25515848419421,370,0,benign
0.3322863403944485,14427.235148020904,0.7266617969320672,73.29769853434891,370,0,benign
0.32636961285609933,14295.908075133353,0.7202337472607743,74.13330588547966,370,0,benign
0.3377428780131483,14544.312529354467,0.754872169466764,73.206970320245,370,0,benign
0.3306647187728269,14391.694703624707,0.7484295105916727,73.90792333822147,370,0,benign
0.3389767995240928,14570.251167274937,0.7418203450327187,73.84799421282993,410,0,benign
0.32613586559532504,14290.626361470544,0.7471439006574142,73.87804395126443,370,0,benign
0.3256245434623813,14279.047840228244,0.7557341124908693,73.5467757356713,370,0,benign
0.32116873630387144,14176.71012759309,0.7519649379108838,74.19841650808073,370,0,benign
0.3195617238860482,14139.167904059466,0.739108838568298,73.81931032825666,370,0,benign
0.3119576333089847,13956.970443108941,0.7504894083272462,73.98870896245597,370,0,benign
0.31861212563915264,14116.825998241351,0.7345799853907962,73.92771223999681,370,0,benign
0.3337326515704894,14458.644854225438,0.7633308984660336,73.94196580855053,370,0,benign
0.3231482834185537,14222.493659001284,0.746837107377648,73.75764608532579,370,0,benign
0.31474068663257854,14024.526117361318,0.7493352812271731,72.80972941339307,370,0,benign
0.3243097151205259,14249.118370027974,0.749627465303141,73.26551099750714,370,0,benign
0.326654492330168,14302.335556469003,0.7538495252008766,73.80763235940626,370,0,benign
0.3166398831263696,14070.048866794257,0.7567859751643535,73.57124135671076,370,0,benign
0.3269320672023375,14308.588078680274,0.7377794010226443,73.38458398875295,370,0,benign
0.3224032140248356,14205.321289274238,0.7462527392257122,74.26449044631765,370,0,benign
0.3349744338933528,14485.395728590018,0.7510591672753835,73.3684693718708,370,0,benign
0.3412490869247626,14617.499547545543,0.7551643535427319,73.07601695871195,370,0,benign
0.33840759678597515,14558.310386909132,0.7440467494521549,73.53984636496085,370,0,benign
0.32336011687363037,14227.362818583892,0.7675675675675676,73.38445680122918,370,0,benign
0.3237983929875822,14237.41841444785,0.7583929875821768,73.76691192978654,370,0,benign
0.31941563184806426,14135.738320795279,0.7318042366691015,73.57408729258117,370,0,benign
0.31962746530314096,14140.710310975152,0.7544338933528123,73.74835634588877,370,0,benign
0.3335135135135135,14453.903294375457,0.764236669101534,73.64562048127138,370,0,benign
0.32934258582907233,14362.464955426723,0.7535573411249087,73.30698917688535,370,0,benign
0.3088970051132213,13881.513938578382,0.7269539810080351,73.3574655841761,370,0,benign
0.3101314828341855,13912.095250956294,0.7450840029218407,73.90368287279212,370,0,benign
0.31774287801314827,14096.271755066668,0.7526807888970051,73.95610210530711,370,0,benign
0.3316873630387144,14414.14742694998,0.7338203067932798,73.79392812708336,370,0,benign
0.3145945945945946,14021.004937910886,0.7617238860482104,73.68323049351714,370,0,benign
0.33840759678597515,14558.310386909132,0.7468224981738495,73.2894393448473,370,0,benign
0.3305843681519357,14389.924798151014,0.7694813732651571,73.7303740787101,370,0,benign
0.31379839298758216,14001.7657245282,0.7522425127830533,74.39201762927401,370,0,benign
0.32670562454346236,14303.488089769236,0.7469685902118335,73.63320423011744,370,0,benign
0.318772826880935,14120.615179805793,0.7380569758948138,74.23287079814394,370,0,benign
0.3270854638422206,14312.039121126732,0.764236669101534,74.04133596219583,370,0,benign
0.33101533966398833,14399.408101737255,0.7514974433893353,73.4214755105231,370,0,benign
0.3108035062089116,13928.659755083745,0.7583783783783784,74.35368890593746,370,0,benign
0.3241709276844412,14245.946029795463,0.7430387143900657,73.77951560049809,370,0,benign
0.31511322132943753,14033.49256171028,0.7642220598977356,74.19625899000089,370,0,benign
0.32730460189919647,14316.963873349194,0.7465595325054785,73.60833751390018,370,0,benign
0.3445092207019631,14684.115706402627,0.7319452706722189,74.43373836791108,410,0,benign
0.33219138056975894,14425.163377600695,0.7420160701241783,73.32928986925988,370,0,benign
0.31181154127100075,13953.396387678271,0.7734258582907232,73.74430827849179,370,0,benign
0.32319941563184806,14223.669507694376,0.7595325054784514,74.6960795924714,370,0,benign
0.3256245434623813,14279.047840228244,0.7684441197954711,72.90752347147452,370,0,benign
0.32539810080350623,14273.909346223456,0.7423082542001461,73.89717796673106,370,0,benign
0.3328487947406866,14439.482359587839,0.7563330898466034,73.78466593686976,370,0,benign
0.3227027027027027,14212.232585829075,0.7762162162162162,73.81043960532405,370,0,benign
0.32079620160701244,14168.03706166519,0.738217677136596,73.50937654960998,370,0,benign
0.336355003652301,14514.900993952762,0.7312052593133674,73.60393707776656,370,0,benign
0.31137326515704894,13942.657567534216,0.7705040175310446,73.76058137518339,370,0,benign
0.3335135135135135,14453.903294375456,0.7573411249086924,73.95575507576298,370,0,benign
0.32489408327246166,14262.44811320372,0.7449525200876552,73.42309161473501,370,0,benign
0.3381884587289993,14553.702057875495,0.7322132943754566,73.33623644107664,370,0,benign
0.3330679327976625,14444.242863194517,0.7515120525931337,73.61782756985319,370,0,benign
0.32468224981738497,14257.621212770677,0.748736303871439,73.8256649271556,370,0,benign
0.32518626734842954,14269.096330939552,0.7482834185536889,74.09725542651488,370,0,benign
0.3187582176771366,14120.270847536576,0.7304894083272462,73.50079668909424,370,0,benign
0.3181008035062089,14104.747167527228,0.751672753834916,73.53993983642833,370,0,benign
0.32715120525931335,14313.517202538893,0.7499050401753105,73.86386943364636,370,0,benign
0.33453615777940104,14475.97714256673,0.7287070854638422,73.04011211004409,370,0,benign
0.32073776479181887,14166.674943106542,0.7553104455807158,74.42705561795542,370,0,benign
0.3250401753104456,14265.773609892643,0.7624835646457268,73.99677558544766,370,0,benign
0.3145215485756026,14019.243307319915,0.7531044558071585,73.02012750085419,370,0,benign
0.3379693206720234,14549.08748364735,0.7581008035062089,73.61613418043446,370,0,benign
0.33642074506939373,14516.29982384651,0.743608473338203,73.53202703566558,370,0,benign
0.33590942293645,14505.405220794797,0.7322132943754566,73.78604589134467,370,0,benign
0.32701972242512783,14310.560477647068,0.7478597516435355,73.94638708659491,370,0,benign
0.32007304601899195,14151.149587303331,0.7554711468224982,73.71576291616782,370,0,benign
0.3110080350620891,13933.689468208711,0.7668517165814464,73.43735799182124,370,0,benign
0.32511322132943754,14267.435317371348,0.7325346968590212,73.81863185490843,370,0,benign
0.3240248356464573,14242.604018036604,0.733981008035062,73.80264141027688,370,0,benign
0.324981738495252,14264.443744294114,0.7443389335281227,73.66889909921653,370,0,benign
0.32385682980277575,14238.757273126483,0.7571950328707086,73.26358096063483,370,0,benign
0.32453615777940104,14254.288915758838,0.7485902118334551,73.41862580408706,370,0,benign
0.3151205259313367,14033.668193927848,0.7275383491599707,74.55688785784733,370,0,benign
0.3370854638422206,14530.411975399926,0.7443535427319211,73.41575796921408,370,0,benign
0.32576333089846604,14282.193943704679,0.7526807888970051,73.9755480532029,370,0,benign
0.33519357195032873,14490.09565380989,0.7446311176040906,72.94321858525787,370,0,benign
0.3277355734112491,14326.63100076648,0.7557487216946677,73.49641889271415,370,0,benign
0.33234477720964206,14428.509500779284,0.7651132213294376,73.48979767022864,370,0,benign
0.3145945945945946,14021.004937910886,0.7503579254930606,74.25612005279343,370,0,benign
0.3249744338933528,14264.277479868326,0.7452300949598247,73.72532480472215,370,0,benign
0.32409057706355004,14244.108266813788,0.7543024105186268,74.16564747769232,370,0,benign
0.32278305332359386,14214.084851540238,0.7637837837837838,74.21987855759016,370,0,benign
0.32970781592403214,14370.56219707245,0.7506355003652301,74.25877064585242,370,0,benign
0.32197224251278306,14195.355294603822,0.7512344777209642,73.98136631305314,370,0,benign
0.3454200146092038,14702.479453280695,0.7344338933528123,73.02014034911792,370,0,benign
0.3218334550766983,14192.140764612808,0.7767859751643535,73.96216320864673,370,0,benign
0.32635500365230097,14295.578176202578,0.7661358655953251,74.0196767253547,370,0,benign
0.3122498173849525,13964.110227044264,0.7564791818845873,74.02844242287189,370,0,benign
0.31787436084733384,14099.387107899214,0.7700657414170927,73.5895515060078,370,0,benign
0.32716581446311177,14313.845588744776,0.7588166544923302,73.16654815488111,370,0,benign
0.32539810080350623,14273.909346223458,0.7760555149744339,73.87865397477285,370,0,benign
0.3264353542731921,14297.39227683614,0.7497589481373265,73.38131085748621,370,0,benign
0.32364499634769905,14233.901797458971,0.7595471146822498,74.17635159720679,370,0,benign
0.3433016800584368,14659.602515200137,0.753571950328707,73.33899221504363,370,0,benign
0.32013878743608476,14152.687622582853,0.7434769905040175,74.13548763645197,370,0,benign
0.3274506939371804,14320.243571944993,0.75836376917458,74.0716511070103,370,0,benign
0.32715120525931335,14313.517202538895,0.7694813732651571,73.61045948191793,370,0,benign
0.32913075237399564,14357.760606527401,0.734872169466764,73.12857781432682,370,0,benign
0.316135865595325,14058.013554677262,0.7342731921110299,74.6107056762266,370,0,benign
0.33300219138056975,14442.815367857942,0.7507669831994156,73.87102310315392,370,0,benign
0.3187582176771366,14120.270847536576,0.741154127100073,73.70851521591813,370,0,benign
0.32357195032870706,14232.226142379179,0.7585244704163623,73.50972900204098,370,0,benign
0.3259824689554419,14287.156375267385,0.7583783783783784,73.44538920785685,370,0,benign
0.32738495252008765,14318.76805106258,0.7579401022644265,73.56960360659896,370,0,benign
0.3378962746530314,14547.547904416962,0.7694959824689555,73.09891857680547,370,0,benign
0.3178086194302411,14097.829712516696,0.7364791818845873,73.52381920387536,370,0,benign
0.32087655222790357,14169.909249546867,0.7509422936449963,73.67235649410601,370,0,benign
0.3243170197224251,14249.285265912322,0.7278451424397371,74.2867074306724,370,0,benign
0.3408863771564545,14610.002648039768,0.7358596073765615,73.96923137039144,410,0,benign
0.31612856099342584,14057.838886995303,0.7396639883126369,73.42878223626782,370,0,benign
0.3406062819576333,14604.2016132272,0.7333966398831264,73.31758931696332,370,0,benign
0.31620160701241784,14059.585251555232,0.7277136596055515,73.27320078493015,370,0,benign
0.3365377751338489,14518.788570243554,0.7308744794765021,74.05018703682211,410,0,benign
0.31401022644265886,14006.892463689086,0.7383491599707815,73.88649875936395,370,0,benign
0.3373119065010957,14535.206289795808,0.7301972242512783,73.81439598802285,370,0,benign
0.3210226442658875,14173.311076390983,0.747991234477721,72.77041479686017,370,0,benign
0.31737034331628927,14087.432712685833,0.735018261504748,74.3803470762097,370,0,benign
0.3258509861212564,14284.179665753107,0.7458144631117604,73.99961497314237,370,0,benign
0.3124032140248357,13967.854169113536,0.7497443389335281,73.42320376292655,370,0,benign
0.32503287070854636,14265.607400979688,0.7351497443389335,74.06767946020028,370,0,benign
0.3213148283418554,14180.1064031532,0.7396932067202338,73.36752449005279,370,0,benign
0.3266398831263696,14302.006198788415,0.732081811541271,73.11314906054368,370,0,benign
0.334609203798393,14477.548641680196,0.7521110299488678,73.25177370240152,370,0,benign
0.3149671292914536,14029.978460146966,0.7630533235938641,74.14408503996721,370,0,benign
0.31430241051862673,14013.954252083997,0.7507962016070124,73.51199371817376,370,0,benign
0.3283929875821768,14341.330939619113,0.7331044558071586,74.05443079668252,370,0,benign
0.32701241782322865,14310.396149231574,0.7608765522279036,74.05691354281512,370,0,benign
0.3323200475907198,14427.970267240402,0.7270553242117787,73.9929490429784,410,0,benign
0.32357195032870706,14232.226142379179,0.7531190650109569,73.9123122258416,370,0,benign
0.3165010956902849,14066.738091416635,0.7409934258582908,74.18706585402349,370,0,benign
0.32788166544923303,14329.902511218355,0.7304747991234478,73.21061904318684,370,0,benign
0.3326442658875091,14435.033588334993,0.7360262965668372,73.02989792042429,370,0,benign
0.3241563184806428,14245.61195352347,0.7601314828341855,73.56990720539288,370,0,benign
0.3159751643535427,14054.169262740768,0.777954711468225,73.41221954928542,370,0,benign
0.32422936449963474,14247.28205731925,0.7629072315558802,73.58738292526816,370,0,benign
0.3202337472607743,14154.908236805697,0.7325054784514244,73.94187751257395,370,0,benign
0.3264280496712929,14297.227393292253,0.7681811541271001,73.61045541288665,370,0,benign
0.3259824689554419,14287.156375267383,0.7408473338203068,74.31365279629176,370,0,benign
0.3200803506208912,14151.320507868586,0.7478597516435355,73.82155822215134,370,0,benign
0.32680058436815196,14305.627606671735,0.7513659605551497,73.68942673562874,370,0,benign
0.3272972972972973,14316.799815558801,0.7551643535427319,73.25053643136019,370,0,benign
0.33008035062089114,14378.803511886113,0.7370343316289262,73.31550962539562,370,0,benign
0.33073046018991964,14393.142183583746,0.7396785975164354,73.9174674551138,370,0,benign
0.31677867056245435,14073.357137154973,0.7437691745799854,73.45201834272837,370,0,benign
0.3305040175310446,14388.154053045599,0.7434623813002191,74.02021707290841,370,0,benign
0.3229145361577794,14217.114020688457,0.7534112490869248,74.42952032685352,370,0,benign
0.3153981008035062,14040.337076318416,0.7293206720233747,73.92575072914464,370,0,benign
0.3296430696014277,14369.128020143069,0.7259845330160619,74.59781542045258,410,0,benign
0.33526661796932067,14491.660907728849,0.7795471146822498,73.81750200447165,370,0,benign
0.31904309715120527,14126.980320221955,0.7535573411249087,72.66596884336269,370,0,benign
0.34723886048210373,14738.828827313928,0.761154127100073,73.08628914899231,370,0,benign
0.32254930606281956,14208.694110659386,0.7523886048210372,73.70021613198985,370,0,benign
0.3451935719503287,14697.923913488488,0.7301826150474799,72.90231346093015,370,0,benign
0.3115924032140248,13948.030100203507,0.7485902118334551,73.92320780243512,370,0,benign
0.325836376917458,14283.848781469416,0.7439152666179694,73.34414895080674,370,0,benign
0.33630577037477694,14513.853052160985,0.7326472337894111,74.09130020367725,410,0,benign
0.3171585098612126,14082.398541185898,0.73836376917458,74.36185005471286,370,0,benign
0.3176552227903579,14094.193604139398,0.756917457998539,73.97696543758246,370,0,benign
0.33672753834915997,14522.820264902535,0.735427319211103,73.60099014630019,370,0,benign
0.3262162162162162,14292.442752008768,0.738217677136596,74.09707975860506,370,0,benign
0.32339083878643665,14228.068501508089,0.7213325401546699,74.57850071703596,410,0,benign
0.3468005843681519,14730.109286730167,0.7788312636961285,74.0634896560275,370,0,benign
0.3159824689554419,14054.344076143941,0.7543024105186268,74.13041052486206,370,0,benign
0.32628195763330897,14293.928265202401,0.7446603360116874,73.88513749840016,370,0,benign
0.3183199415631848,14109.92797272486,0.7392257121986852,74.25143107908214,370,0,benign
0.31006574141709276,13910.471656511898,0.7566398831263697,74.09363981390854,370,0,benign
0.3296420745069394,14369.105973841093,0.7382030679327977,73.98928922964485,370,0,benign
0.32013878743608476,14152.687622582853,0.723754565376187,73.53676686540186,370,0,benign
0.322118334550767,14198.736304132888,0.7509422936449963,73.30012626039809,370,0,benign
0.33401753104455806,14464.799545464617,0.7414317019722425,73.04859438426024,370,0,benign
0.3312344777209642,14404.22085680472,0.752227903579255,73.71000207337924,370,0,benign
0.30794740686632577,13857.854990627806,0.7566398831263697,74.52975183110959,370,0,benign
0.31824689554419283,14108.201731569488,0.7551789627465303,74.0541775866991,370,0,benign
0.32154127100073043,14185.365144908845,0.7351497443389335,74.15491396838193,370,0,benign
0.33014609203798395,14380.255988000763,0.769627465303141,73.73582585566454,370,0,benign
0.3085390796201607,13872.610105774002,0.7636376917457999,74.20890108419503,370,0,benign
0.32132213294375456,14180.276144070598,0.7531190650109569,73.90680102076072,370,0,benign
0.3254054054054054,14274.075208181153,0.7512344777209642,74.01910643662984,370,0,benign
0.3189043097151205,14123.712921189803,0.7541563184806428,73.56267149629304,370,0,benign
0.33636230825420016,14515.05644725293,0.7341124908692477,73.8486253161618,370,0,benign
0.32152666179693207,14185.026072481236,0.7377794010226443,73.7967760413612,370,0,benign
0.322118334550767,14198.736304132888,0.7272753834915997,73.5687332158636,370,0,benign
0.3373046018991965,14535.051738579286,0.736172388604821,73.50160597416586,370,0,benign
0.3277428780131483,14326.794642210569,0.7514974433893353,73.1153135595818,370,0,benign
0.33261154074955385,14434.321268727255,0.7519333729922665,74.22249026094481,410,0,benign
0.34446311176040906,14683.183172698346,0.7567713659605552,73.24260823992417,370,0,benign
0.3229218407596786,14217.282241941863,0.7452447041636231,73.56417792428853,370,0,benign
0.31787436084733384,14099.387107899214,0.750927684441198,73.42315408685025,370,0,benign
0.33432432432432435,14471.41587107378,0.7564791818845873,73.73861526372575,370,0,benign
0.32422936449963474,14247.28205731925,0.7642220598977356,73.88112811561369,370,0,benign
0.32628926223520816,14294.093287528396,0.7766398831263697,73.7758274050327,370,0,benign
0.3366471877282688,14521.113713457647,0.7430387143900657,73.71686568940291,370,0,benign
0.315463842220599,14041.91508084284,0.7734258582907232,73.39778819128048,370,0,benign
0.3114463111760409,13944.449105667818,0.7539956172388604,73.75703764769823,370,0,benign
0.336281957633309,14513.34607930029,0.7393864134404675,73.08971821262065,370,0,benign
0.32628926223520816,14294.093287528398,0.7652447041636231,73.82819261414508,370,0,benign
0.3239517896274653,14240.93197129142,0.755018261504748,73.91484612084426,370,0,benign
0.3143754565376187,14015.717964406478,0.7522571219868517,74.25157147146776,370,0,benign
0.3219065010956903,14193.832934762542,0.7512198685171658,73.1438101637314,370,0,benign
0.32636230825420015,14295.743129137518,0.7601314828341855,74.0358150232507,370,0,benign
0.33299488677867056,14442.656722569458,0.7367567567567568,73.66467461556186,370,0,benign
0.3289846603360117,14354.51282781469,0.7538349159970782,73.70380700620628,370,0,benign
0.3202118334550767,14154.395891456234,0.7491745799853908,74.3291740549742,370,0,benign
0.3314682249817385,14409.347578617844,0.7318042366691015,73.48601032469959,370,0,benign
0.3202921840759679,14156.274185750319,0.7675675675675676,73.81077321036386,370,0,benign
0.33366691015339667,14457.223042015868,0.7342731921110299,73.73848498234437,370,0,benign
0.3202191380569759,14154.56668017849,0.7716873630387144,73.12844987747468,370,0,benign
0.3277428780131483,14326.79464221057,0.7336742147552958,73.57889472398325,370,0,benign
0.3213878743608473,14181.803500067497,0.7581008035062089,74.1950995767072,370,0,benign
0.32262965668371074,14210.547979303807,0.7377647918188459,73.63296985864605,370,0,benign
0.3230825420014609,14220.981353923169,0.7466764061358656,74.04113379187503,370,0,benign
0.3372388604821037,14533.660465370904,0.7671292914536157,73.67337619305243,370,0,benign
0.3110080350620891,13933.689468208711,0.7712344777209642,73.61103597207352,370,0,benign
0.32780861943024103,14328.267102947668,0.7556026296566837,74.05539817439399,370,0,benign
0.32387874360847335,14239.259230635736,0.7595471146822498,74.03688015220855,370,0,benign
0.30912344777209644,13887.138371168483,0.7461066471877282,74.09807259649247,370,0,benign
0.3365084002921841,14518.16405604428,0.7674214755295836,72.80816766619563,370,0,benign
0.33088385682980276,14396.51745100341,0.7583929875821768,73.78146379379879,370,0,benign
0.3293498904309715,14362.627070267714,0.7772388604821038,74.20246615345289,370,0,benign
0.31246895544192843,13969.45777893548,0.7477136596055515,73.43374972356152,370,0,benign
0.3251935719503287,14269.262394131294,0.7367567567567568,73.52748128209913,370,0,benign
0.33160701241782325,14412.388207698006,0.7504894083272462,73.5791358638235,370,0,benign
0.34513513513513516,14696.747207815924,0.7455222790357926,73.49263413187042,370,0,benign
0.3141490138787436,14010.248197528117,0.7538495252008766,73.48469279059752,370,0,benign
0.3235062089116143,14230.717459513884,0.7367713659605551,73.82488773880907,370,0,benign
0.32620891161431703,14292.277660291727,0.7510591672753835,73.54224274935237,370,0,benign
0.3375550267697799,14540.346284461955,0.7349077929803688,74.12042646168103,410,0,benign
0.32197224251278306,14195.355294603823,0.7498904309715121,73.43896494103052,370,0,benign
0.3191161431701972,14128.698997752861,0.7658290723155589,73.46456138980204,370,0,benign
0.33892622352081814,14569.191885461016,0.761300219138057,73.62912104015497,370,0,benign
0.3353323593864134,14493.069042962417,0.7385098612125639,73.28518887616816,370,0,benign
0.3359897735573411,14507.119481585358,0.7599853907962016,72.65609413975963,370,0,benign
0.32299488677867055,14218.964072825118,0.7386705624543463,74.07861109469596,370,0,benign
0.320372534696859,14158.151640412701,0.7837983929875821,74.0709153897991,370,0,benign
0.3333601168736304,14450.580486589732,0.7366106647187728,73.19781757836016,370,0,benign
0.3246018991964938,14255.788792899864,0.7534258582907232,73.5506863637775,370,0,benign
0.33336742147552956,14450.738784922964,0.7339663988312637,73.36889822205949,370,0,benign
0.3289043097151205,14352.725366405282,0.7322279035792549,73.38190818311543,370,0,benign
0.3099926953981008,13908.66700346982,0.7639444850255661,74.02901005994646,370,0,benign
0.32255661066471875,14208.86267886804,0.7478743608473338,73.53065605365443,370,0,benign
0.3221110299488678,14198.567319577929,0.7491745799853908,73.58419427712296,370,0,benign
0.32344046749452154,14229.208214581087,0.7668517165814464,73.18260661794646,370,0,benign
0.3153981008035062,14040.337076318414,0.7100073046018992,73.46961772161343,370,0,benign
0.3210956902848795,14175.010948947289,0.7550328707085464,73.54138856076328,370,0,benign
0.3250401753104456,14265.77360989264,0.7338203067932798,72.93550003170282,370,0,benign
0.31912344777209645,14128.870827340874,0.7573411249086924,73.21379403199253,370,0,benign
0.30612125639152665,13812.027406311408,0.7477282688093498,73.72444029516163,370,0,benign
0.3430168005843682,14653.791788457609,0.7522425127830533,73.39281976361123,370,0,benign
0.3185317750182615,14114.930148011563,0.7377794010226443,73.301117858962,370,0,benign
0.32401753104455805,14242.43684458806,0.739254930606282,73.02764582714792,370,0,benign
0.33299488677867056,14442.656722569456,0.7484441197954711,72.91587877049808,370,0,benign
0.3253323593864134,14272.416276344451,0.7477282688093498,73.18552983125608,370,0,benign
0.3280934989043097,14334.64127113946,0.7380569758948138,73.8663920305581,370,0,benign
0.3332943754565376,14449.15548933096,0.7467056245434623,73.2687561836348,370,0,benign
0.3259897735573411,14287.321682096685,0.7306355003652301,73.84885822773224,370,0,benign
0.3327027027027027,14436.30522096421,0.7294521548575602,73.43644112594717,370,0,benign
0.3417604090577064,14628.039076593472,0.7417238860482104,72.98333199851562,370,0,benign
0.32108838568298026,14174.840992917632,0.7529729729729729,73.20607387036104,370,0,benign
0.33766983199415634,14542.770799001526,0.7380715850986121,73.5389283585423,370,0,benign
0.3327100073046019,14436.46414381689,0.7431994156318481,73.04691150002995,370,0,benign
0.3266471877282688,14302.170881098262,0.7382030679327977,73.22558530663882,370,0,benign
0.33804236669101534,14550.626368967234,0.7301972242512783,73.77996308468356,370,0,benign
0.32451424397370343,14253.78883180794,0.7294375456537618,74.33882099085723,370,0,benign
0.33693937180423666,14527.315330394504,0.7547260774287802,73.66107717814282,370,0,benign
0.3283199415631848,14339.70038872194,0.7431848064280496,73.31565899090495,370,0,benign
0.31554419284149016,14043.842989737812,0.7614317019722425,73.10382208285573,370,0,benign
0.3318334550766983,14417.34385628556,0.760409057706355,72.39052393191422,370,0,benign
0.3316800584368152,14413.987532622596,0.746837107377648,73.34066217487305,370,0,benign
0.31845142439737034,14113.033458150072,0.7558802045288532,73.2894691334153,370,0,benign
0.32327976625273924,14225.516582954988,0.7190796201607013,73.34531960633903,370,0,benign
0.3297881665449233,14372.341262164773,0.7352812271731191,73.37349471461948,370,0,benign
0.3121110299488678,13960.720214026434,0.7491891891891892,74.40667905047366,370,0,benign
0.32670562454346236,14303.488089769235,0.723009495982469,74.01001969120786,370,0,benign
0.324163623082542,14245.778995129018,0.7322425127830533,73.0597739884075,370,0,benign
0.3197735573411249,14144.135869558433,0.7222936449963477,73.3909101325221,370,0,benign
0.3183199415631848,14109.927972724861,0.7528122717311907,73.67691310322164,370,0,benign
0.3327100073046019,14436.464143816891,0.7431701972242513,72.9178702887609,370,0,benign
0.3145872899926954,14020.828806077761,0.7594010226442659,73.52365670258878,370,0,benign
0.3293991671624033,14363.720513178574,0.7325163593099345,73.6762325493672,410,0,benign
0.3204382761139518,14159.687115162464,0.7169028487947406,73.6527507663355,370,0,benign
0.3291964937910884,14359.221201394916,0.7542878013148283,73.06685478232501,370,0,benign
0.3265595325054785,14300.194235399202,0.7320672023374726,73.6109158696678,370,0,benign
0.33701972242512784,14529.018828633187,0.7471146822498174,72.98759353546262,370,0,benign
0.3197735573411249,14144.135869558433,0.7478597516435355,73.49989647699633,370,0,benign
0.3164864864864865,14066.389443024105,0.7405551497443389,74.00284278997682,370,0,benign
0.3232870708546384,14225.684457253143,0.7281519357195033,73.45210825941088,370,0,benign
0.31722425127830534,14083.961494791532,0.7394010226442659,73.52940353716072,370,0,benign
0.20896280674846626,9718.923732554153,0.6363220006816632,77.53075701071293,978,0,benign
0.5613854907021977,10480.496596989757,0.5265967437999504,85.54879150527078,813,0,benign
0.33945865556216537,14580.326649114171,0.7297917906008329,73.72618672229787,410,0,malicious
0.34070196311719214,14606.184407329562,0.7420345032718619,72.4986480317548,410,0,malicious
0.3178703152885187,14099.291285996942,0.7472932778108269,73.23710559954655,410,0,malicious
0.3325520523497918,14433.026043423344,0.7301368233194527,73.96577877362554,410,0,malicious
0.32417013682331947,14245.927945472917,0.7375252825698989,73.86424853880466,410,0,malicious
0.33285544318857824,14439.626880768576,0.7253896490184414,73.65409393021301,410,0,malicious
0.3308804283164783,14396.442045044681,0.7410945865556217,73.62116839627849,410,0,malicious
0.33862581796549673,14562.893228559491,0.727412254610351,73.55854220596267,410,0,malicious
0.3293991671624033,14363.720513178574,0.7418203450327187,73.48974049552234,410,0,malicious
0.33945865556216537,14580.326649114166,0.7272932778108269,72.53254045299592,410,0,malicious
0.33248661511005356,14431.600764023391,0.7186079714455681,73.81314313061704,410,0,malicious
0.34569898869720406,14708.082644158512,0.7350148720999405,73.09223065085527,410,0,malicious
0.3457644259369423,14709.395484765873,0.735145746579417,72.88986635441182,410,0,malicious
0.32785246876859014,14329.248917597772,0.7223081499107674,74.36911649723272,410,0,malicious
0.3407614515169542,14607.416581122749,0.7171921475312314,74.10169654930577,410,0,malicious
0.3278465199286139,14329.115733937693,0.7241998810232004,74.57605708812223,410,0,malicious
0.32600832837596666,14287.741555810975,0.7413206424747174,75.19697969325478,410,0,malicious
0.32779892920880427,14328.050098974227,0.7420464009518144,74.2141101445786,410,0,malicious
0.33611540749553837,14509.798168085515,0.7151576442593695,73.48415033341706,410,0,malicious
0.33314098750743604,14445.828498499166,0.7084949434860203,73.45384146356264,410,0,malicious
0.32459250446162996,14255.574488344904,0.7356335514574658,73.25945158027501,410,0,malicious
0.3378465199286139,14546.498834770528,0.727995240928019,74.06472478507763,410,0,malicious
0.34337894110648426,14661.176600317578,0.725639500297442,73.25365832172753,410,0,malicious
0.3217846519928614,14191.009814998506,0.7300178465199286,73.55186662637873,410,0,malicious
0.334622248661511,14477.829213528676,0.7306365258774539,73.39199149646885,410,0,malicious
0.32951219512195123,14366.22739292088,0.7326472337894111,73.85760367945494,410,0,malicious
0.33749553837001783,14539.089304271482,0.7307436049970256,73.74888499205196,410,0,malicious
0.3379595478881618,14548.881544457405,0.7370493753718025,73.372755055218,410,0,malicious
0.32750743604997024,14321.516657710967,0.7356335514574658,73.99844082914238,410,0,malicious
0.34439619274241523,14681.829272230563,0.7501368233194528,73.61678796956551,410,0,malicious
0.34420582986317666,14677.974680253388,0.7387150505651398,73.37394827741913,410,0,malicious
0.342064247471743,14634.28578221849,0.7381201665675193,73.40067496719735,410,0,malicious
0.336716240333135,14522.580359234204,0.732064247471743,73.53046485404869,410,0,malicious
0.35224271267102913,14836.610157277986,0.7309696609161214,72.42244553691741,410,0,malicious
0.33314693634741227,14445.957586112201,0.7463414634146341,74.00147150133145,410,0,malicious
0.3388042831647829,14566.636555330579,0.7548958953004165,73.23337667719038,410,0,malicious
0.33011897679952407,14379.656978112269,0.7362165377751339,74.22436461108465,410,0,malicious
0.3351100535395598,14488.305143796662,0.7272813801308745,74.13592373294642,410,0,malicious
0.34005353955978584,14592.723864766873,0.7353837001784652,73.07942290486632,410,0,malicious
0.3301784651992861,14380.971026823398,0.7282450922070196,73.88318542068386,410,0,malicious
0.33468768590124925,14479.236318445719,0.7588221296847115,73.91285211865515,410,0,malicious
0.328750743604997,14349.306834274905,0.7203926234384295,74.05064062894284,410,0,malicious
0.3370136823319453,14528.890802951846,0.7344437834622248,73.42960331115651,410,0,malicious
0.3353420582986318,14493.276739309338,0.7259845330160619,73.30717659484915,410,0,malicious
0.33684116597263536,14525.232146995973,0.717180249851279,74.34096095701749,410,0,malicious
0.33302201070791193,14443.245779755434,0.7388340273646639,73.76916546843059,410,0,malicious
0.32285544318857823,14215.752884635327,0.7566686496133254,74.25608906650278,410,0,malicious
0.33314693634741227,14445.957586112201,0.7392980368828078,74.73426287790235,410,0,malicious
0.3261213563355146,14290.298278462862,0.7483521713265913,73.55508784625489,410,0,malicious
0.34402736466389056,14674.35672013575,0.7314574657941701,72.51368198093122,410,0,malicious
0.328750743604997,14349.306834274907,0.730029744199881,74.57079126682947,410,0,malicious
0.33113027959547886,14401.93321492069,0.717180249851279,74.09881048042213,410,0,malicious
0.3357644259369423,14502.309620696862,0.7276621058893515,73.92556877019013,410,0,malicious
0.3246936347412255,14257.880781441705,0.7239619274241523,74.24041180134847,410,0,malicious
0.3191964937910884,14130.588741570227,0.762191380569759,73.96766150792573,370,0,malicious
0.33569898869720405,14500.911678959224,0.7438310529446758,73.92244583629594,410,0,malicious
0.31466764061358654,14022.76587459135,0.7493352812271731,73.60701547011422,370,0,malicious
0.3286267348429511,14346.544039411498,0.7516581446311176,73.28712109799666,370,0,malicious
0.3369601427721594,14527.755772207025,0.7180130874479477,73.69269517395081,410,0,malicious
0.33010707911957166,14379.394113142444,0.7397858417608566,73.59897054506646,410,0,malicious
0.3217787031528852,14190.871936992373,0.7295538370017847,73.86656955970787,410,0,malicious
0.3220761451516954,14197.760199481661,0.7288399762046401,73.64360732340997,410,0,malicious
0.3341701368233195,14468.092182534194,0.7356335514574658,73.24250960230368,410,0,malicious
0.3260678167757287,14289.087406415483,0.7262105889351577,74.2737015468725,410,0,malicious
0.35057108863771563,14804.306804201593,0.7627483640690066,72.89627123101376,410,0,malicious
0.33951219512195124,14581.44428316478,0.7165734681737062,73.60742093075801,410,0,malicious
0.3371861986912552,14532.545588373361,0.7174182034503271,73.35467745204373,410,0,malicious
0.3332064247471743,14447.24820911606,0.7282331945270673,73.50679060113896,410,0,malicious
0.3425520523497918,14644.289599342446,0.7390719809637121,73.12112291334259,410,0,malicious
0.3435514574657942,14664.688576368451,0.7422843545508626,73.27149203065743,410,0,malicious
0.33766805472932776,14542.733278890179,0.7213563355145747,73.5907492954745,410,0,malicious
0.33087447947650206,14396.31120395532,0.7288518738845925,73.38514008226913,410,0,malicious
0.3271980963712076,14314.57112419981,0.7313265913146937,74.36050448713274,410,0,malicious
0.31917311124330755,14130.038900574926,0.7309815585960737,73.97904848016421,410,0,malicious
0.333081499107674,14444.537369242302,0.7394289113622844,74.07634073542796,410,0,malicious
0.3476502082093992,14746.989899711973,0.7202855443188578,73.53663611169479,410,0,malicious
0.3391017251635931,14572.866228682284,0.740261748958953,73.7947894760214,410,0,malicious
0.32813801308744794,14335.636320976897,0.7424152290303391,73.6923530166473,410,0,malicious
0.332490869247626,14431.693439725826,0.7351351351351352,73.67790619970249,370,0,malicious
0.32453615777940104,14254.28891575884,0.7407012417823229,73.5061872763225,370,0,malicious
0.33505056513979775,14487.029248152976,0.7371564544913742,73.92184092049689,410,0,malicious
0.3287388459250446,14349.041852247052,0.7381201665675193,74.5850393697416,410,0,malicious
0.3492088042831648,14777.712544511021,0.7400118976799525,73.97770093076724,410,0,malicious
0.3293991671624033,14363.720513178574,0.7151695419393218,73.99599762374582,410,0,malicious
0.3327245687091017,14436.780928871018,0.7241998810232004,73.47492075881108,410,0,malicious
0.3282093991671624,14337.231514993658,0.7507198096371208,74.37633736570689,410,0,malicious
0.32582986317668056,14283.701242617472,0.7250446162998215,73.44876470260573,410,0,malicious
0.32659726353361096,14301.04520136257,0.7180130874479477,74.32778649267979,410,0,malicious
0.33105889351576445,14400.365137655845,0.733955978584176,73.08651661317757,410,0,malicious
0.3285603807257585,14345.064912725278,0.7427602617489589,74.40494619732272,410,0,malicious
0.3421356335514575,14635.751688422159,0.7101606186793575,73.82487504462047,410,0,malicious
0.329708506841166,14370.577498436704,0.7179060083283759,72.83379873482393,410,0,malicious
0.3265377751338489,14299.703446805124,0.7516835217132659,74.16923417987708,410,0,malicious
0.33814396192742413,14552.765556637662,0.7328970850684117,73.49079961554297,410,0,malicious
0.33392028554431885,14462.69978722192,0.7530041641879833,73.79265679452503,410,0,malicious
0.33529446757882214,14492.257495530404,0.7307436049970256,73.74627305769661,410,0,malicious
0.3358953004164188,14505.103833537232,0.7450327186198691,73.5811112918999,410,0,malicious
0.3320701963117192,14422.51775668484,0.7214634146341463,73.71858139713241,410,0,malicious
0.33261154074955385,14434.321268727259,0.7165734681737062,73.65142525978773,410,0,malicious
0.32559190957763234,14278.307715139392,0.7297798929208804,74.07332122107306,410,0,malicious
0.3393456276026175,14577.965975239951,0.7419393218322428,72.93467948352384,410,0,malicious
0.3465258774538965,14724.631233408452,0.729910767400357,73.47627702776238,410,0,malicious
0.3214682249817385,14183.669505206597,0.7455222790357926,74.11264519024063,370,0,malicious
0.33439024390243904,14472.835899762043,0.7266983938132064,74.0635079799447,410,0,malicious
0.32671624033313507,14303.727329787445,0.7347888161808447,74.15923111398837,410,0,malicious
0.3325639500297442,14433.285125302527,0.7382510410469958,73.48588993351686,410,0,malicious
0.33826888756692447,14555.39414880717,0.7318143961927425,73.28443777531983,410,0,malicious
0.331540749553837,14410.936798066077,0.7288280785246877,73.24712578796547,410,0,malicious
0.33790005948839974,14547.627693830975,0.7164663890541344,74.4247653881739,410,0,malicious
0.31654372397382513,14067.755255999176,0.741451516954194,74.60348884581502,410,0,malicious
0.32457465794170137,14255.167357376477,0.7251516954193932,73.5488975320312,410,0,malicious
0.3438488994646044,14670.734617948052,0.7576323616894706,73.49782155826907,410,0,malicious
0.3352230814991077,14490.728077586002,0.7413325401546699,73.83079011199644,410,0,malicious
0.31868517165814464,14118.54876984421,0.7316581446311176,73.57595927429537,370,0,malicious
0.32648423557406303,14298.495474206773,0.737299226650803,74.7879707425305,410,0,malicious
0.32234477720964205,14203.971383540422,0.7297443389335281,74.97827794586829,370,0,malicious
0.33624033313503865,14512.459717325704,0.7296609161213563,73.70939085522593,410,0,malicious
0.3328435455086258,14439.3682499148,0.7421653777513385,74.01364515159189,410,0,malicious
0.32136823319452706,14181.34724001428,0.747150505651398,74.2264877344609,410,0,malicious
0.3193456276026175,14134.09395263435,0.7229982153480071,73.23382382636547,410,0,malicious
0.3328435455086258,14439.3682499148,0.738953004164188,73.96213313191146,410,0,malicious
0.3332064247471743,14447.248209116058,0.730755502676978,73.25166396089729,410,0,malicious
0.33380130874479474,14460.129126504326,0.7367995240928019,73.79785554940949,410,0,malicious
0.34439619274241523,14681.829272230561,0.7362165377751339,73.11196861531879,410,0,malicious
0.3390481856038073,14571.745736603343,0.7405116002379536,73.76111557767433,410,0,malicious
0.344562760261749,14685.198174278536,0.7531112433075551,73.21916159194326,410,0,malicious
0.3342177275431291,14469.118384990808,0.7276621058893515,73.41170385889541,410,0,malicious
0.3208863771564545,14170.138115023705,0.736335514574658,73.65781369720489,410,0,malicious
0.3319571683521713,14420.048477733962,0.7366805472932778,74.15581623858623,410,0,malicious
0.3199940511600238,14149.300741303845,0.7163474122546104,74.60071222740712,410,0,malicious
0.33688280785246877,14526.115625224496,0.7466983938132065,73.70642102295709,410,0,malicious
0.3424211778703153,14641.60868592478,0.7251516954193932,73.68850687739582,410,0,malicious
0.32505056513979774,14266.010008117284,0.7374063057703748,73.97275134569271,410,0,malicious
0.34082093991671625,14608.648294685929,0.7591909577632362,74.56729512617017,410,0,malicious
0.3304104699583581,14386.091419299084,0.7429863176680547,73.41671939080643,410,0,malicious
0.3375490779298037,14540.220607153256,0.7401546698393813,73.20086712794577,410,0,malicious
0.3240452111838192,14243.070296829776,0.7284711481261154,73.9433348542812,410,0,malicious
0.3380904223676383,14551.63839582594,0.7501368233194528,73.54659639104398,410,0,malicious
0.33350386674598453,14453.69442068526,0.7443188578227246,74.31409738798102,410,0,malicious
0.33690065437239736,14526.494189716506,0.7326472337894111,73.50597257997246,410,0,malicious
0.3282034503271862,14337.098607471578,0.7113503866745985,73.29535271784005,410,0,malicious
0.3320525931336742,14422.133295960166,0.7404236669101534,73.50405544630095,370,0,malicious
0.3330874479476502,14444.66650287834,0.7454848304580607,73.03174546430392,410,0,malicious
0.3316537775133849,14413.412198076021,0.7380011897679952,73.79383086272819,410,0,malicious
0.3419571683521713,14632.085680291962,0.7189649018441404,73.46460348431476,410,0,malicious
0.32850089232599644,14343.73834575801,0.7266983938132064,72.98425389964737,410,0,malicious
0.32261154074955384,14210.130077472053,0.7540630577037478,74.217083928457,410,0,malicious
0.32707317073170733,14311.762669541942,0.7322903033908388,74.30500038901461,410,0,malicious
0.32226055919095775,14202.025144037303,0.7471743010113028,74.72916253033598,410,0,malicious
0.3418381915526472,14629.639373721804,0.7489470553242118,72.84036024775388,410,0,malicious
0.3327245687091017,14436.78092887102,0.7319333729922665,73.44093588924868,410,0,malicious
0.33636230825420016,14515.05644725293,0.7373557341124909,72.89342650885025,370,0,malicious
0.3572992266508031,14932.112715792315,0.718953004164188,73.63033673635523,410,0,malicious
0.33285544318857824,14439.626880768572,0.7006424747174301,73.14496562220684,410,0,malicious
0.3447412254610351,14688.803708186044,0.7227721594289114,72.88418569546819,410,0,malicious
0.3426650803093397,14646.603141061818,0.7313503866745985,73.27548249472167,410,0,malicious
0.33932778108268885,14577.5930853839,0.7318143961927425,73.04942305321886,410,0,malicious
0.33600832837596667,14507.515224758039,0.7366924449732302,74.22215318871864,410,0,malicious
0.33599643069601426,14507.26147234232,0.7327662105889352,73.77597199003394,410,0,malicious
0.32516954193932185,14268.716068502426,0.7203926234384295,73.49377107892437,410,0,malicious
0.34284354550862584,14650.25271898083,0.7470315288518738,73.36952135683966,410,0,malicious
0.33713860797144557,14531.537758298558,0.7307436049970256,73.76166850850115,410,0,malicious
0.32534800713860795,14272.771707355118,0.7495419393218322,74.31091142431319,410,0,malicious
0.3470672218917311,14735.417038840158,0.7452706722189173,73.34758439843165,410,0,malicious
0.34075550267697796,14607.293384453775,0.7318143961927425,73.41685099120775,410,0,malicious
0.34378941106484234,14669.526330092142,0.7353837001784652,72.92278061250686,410,0,malicious
0.33533610945865555,14493.149349945024,0.7368233194527067,73.29169698124004,410,0,malicious
0.3307674003569304,14393.955277353603,0.7519095776323617,74.1212577006752,410,0,malicious
0.3335633551457466,14454.982282309087,0.7293277810826889,74.21808866634667,410,0,malicious
0.3178584176085663,14099.009468755497,0.7475074360499703,74.23417370905597,410,0,malicious
0.33826293872694824,14555.269023774481,0.7339440809042237,73.58234379232687,410,0,malicious
0.3378465199286139,14546.498834770528,0.7210945865556216,73.75336321086276,410,0,malicious
0.33184414039262344,14417.57753735277,0.7338370017846519,73.43869164924111,410,0,malicious
0.32619274241522905,14291.912194636241,0.7350267697798929,73.84383799527524,410,0,malicious
0.3418262938726948,14629.394641814186,0.7280071386079714,73.55372588330225,410,0,malicious
0.33480666270077336,14481.793264309155,0.7438310529446758,73.0851009832761,410,0,malicious
0.3395776323616895,14582.80977408475,0.7275312314098751,73.3513789219853,410,0,malicious
0.3521772754312909,14835.352447622958,0.7431171921475312,72.5923052666292,410,0,malicious
0.33118381915526474,14403.108837951973,0.7213563355145747,73.7969749549783,410,0,malicious
0.32696609161213563,14309.353807285015,0.7278881618084474,74.53657866367153,410,0,malicious
0.346948245092207,14733.049799784905,0.7222843545508626,73.2800877679051,410,0,malicious
0.33219512195121953,14425.245026769782,0.7011064842355741,73.79025577178798,410,0,malicious
0.33254610350981556,14432.896495580304,0.7220582986317668,73.68496354421741,410,0,malicious
0.3402201070791196,14596.186837827934,0.724794765020821,73.25074932102355,410,0,malicious
0.3453955978584176,14701.988561469812,0.747876264128495,72.88175536064645,410,0,malicious
0.33082688875669247,14395.264309557671,0.7371564544913742,74.12017387873574,410,0,malicious
0.3493337299226651,14780.161370840455,0.7471624033313504,72.08420658903087,410,0,malicious
0.3317846519928614,14416.276375081796,0.7464485425342058,73.6235827582273,410,0,malicious
0.34343842950624626,14662.388063760523,0.7206424747174301,73.23410547647416,410,0,malicious
0.33005948839976207,14378.342469171135,0.7142058298631767,74.31349784638978,410,0,malicious
0.31641344046749453,14064.645784715134,0.7567713659605552,72.97908197967683,370,0,malicious
0.33070791195716837,14392.645784919532,0.719071980963712,74.29117390004522,410,0,malicious
0.33456870910172515,14476.677531662266,0.718488994646044,73.9215415794673,410,0,malicious
0.3353004164187983,14492.384917110823,0.7449137418203451,74.04980430191334,410,0,malicious
0.3412968471148126,14618.485434911165,0.7391790600832837,73.44936151041972,410,0,malicious
0.3348661511005354,14483.071046895859,0.7239619274241523,72.88850790105705,410,0,malicious
0.33790005948839974,14547.62769383097,0.741570493753718,73.61630783177486,410,0,malicious
0.32516954193932185,14268.716068502428,0.7401427721594289,72.8007994703912,410,0,malicious
0.32624033313503864,14292.98777056782,0.735145746579417,74.50579347254163,410,0,malicious
0.3333313503866746,14449.95701937549,0.7429982153480071,74.22903882843498,410,0,malicious
0.3352349791790601,14490.983026599739,0.7346698393813207,73.0074347774147,410,0,malicious
0.3137107377647918,13999.642608200415,0.7478597516435355,73.52495049807997,370,0,malicious
0.33224866151100535,14426.413235495676,0.7239619274241523,73.38240720728396,410,0,malicious
0.31762641284949433,14093.510353008445,0.715871505056514,74.46382290795935,410,0,malicious
0.3397501487209994,14586.407035357908,0.7274003569303986,73.86598219237034,410,0,malicious
0.32439024390243903,14250.957911957168,0.751219512195122,73.56360986297622,410,0,malicious
0.33725163593099344,14533.930873785856,0.7170493753718025,73.46591504100024,410,0,malicious
0.33878643664485425,14566.262409046622,0.7412254610350981,72.65496686476115,410,0,malicious
0.3267281380130874,14303.995441379335,0.7338370017846519,73.50425760619734,410,0,malicious
0.33968471148126117,14585.043012571656,0.7330041641879833,73.78770208560807,410,0,malicious
0.33045806067816774,14387.140890984765,0.7273051754907793,74.10170397991156,410,0,malicious
0.33750148720999407,14539.215023000883,0.7308744794765021,73.42116501507732,410,0,malicious
0.32428316478286734,14248.511688228411,0.727995240928019,73.54834432779113,410,0,malicious
0.3311243307555027,14401.802567127937,0.7328970850684117,74.6291610528486,410,0,malicious
0.3320107079119572,14421.218343287881,0.7024271267102915,73.77958476014884,410,0,malicious
0.3293991671624033,14363.720513178572,0.7434860202260559,72.90739456416229,410,0,malicious
0.3333848899464604,14451.117316747594,0.7187388459250447,73.19061284462978,410,0,malicious
0.3227364663890541,14213.011018355764,0.7405116002379536,74.10908666539613,410,0,malicious
0.3320761451516954,14422.647672711882,0.7336109458655562,73.90312455464897,410,0,malicious
0.32535990481856036,14273.04193600503,0.7345508625817966,73.84539854998759,410,0,malicious
0.3245945945945946,14255.622167640611,0.7405551497443389,73.48598705050917,370,0,malicious
0.3461689470553242,14717.498864924353,0.7406186793575252,72.46080019771303,410,0,malicious
0.33481261154074954,14481.92106327818,0.7463414634146341,73.4069935911984,410,0,malicious
0.3429030339083879,14651.468324493822,0.7582391433670435,72.8694419667299,410,0,malicious
0.34093991671624035,14611.110341122263,0.73441998810232,73.29178450438638,410,0,malicious
0.32201665675193336,14196.383467443817,0.7460916121356336,73.8809599349797,410,0,malicious
0.3426591314693635,14646.48141712887,0.7250327186198692,73.4516689135713,410,0,malicious
0.32505056513979774,14266.01000811728,0.736335514574658,74.0503304447401,410,0,malicious
0.34236168947055323,14640.389352548753,0.7404997025580012,73.60454160885885,410,0,malicious
0.33848899464604404,14560.020539599773,0.7390838786436645,73.65405554862552,410,0,malicious
0.3408804283164783,14609.8795480191,0.7427483640690066,73.42568221202055,410,0,malicious
0.34045806067816775,14601.127683072807,0.7259845330160619,73.31279631820132,410,0,malicious
0.3220226055919096,14196.521161357949,0.721451516954194,73.7582872143163,410,0,malicious
0.31917311124330755,14130.03890057492,0.729910767400357,73.26578500322366,410,0,malicious
0.3284414039262344,14342.411318560737,0.7567995240928019,74.14653687914159,410,0,malicious
0.32656683710737766,14300.358994039196,0.7291599707815924,73.30758322413128,370,0,malicious
0.3317846519928614,14416.276375081792,0.7276502082093992,73.94117421736773,410,0,malicious
0.33778703152885187,14545.244109707088,0.7288280785246877,73.48348497675303,410,0,malicious
0.3410588935157644,14613.570546638586,0.7331112433075551,73.6619428082717,410,0,malicious
0.33172516359309934,14414.974752580805,0.7333610945865556,73.5529820536563,410,0,malicious
0.3372575847709697,14534.056781209558,0.7246757882212969,73.31810697719092,410,0,malicious
0.34075550267697796,14607.293384453778,0.7164663890541344,74.3540244414959,410,0,malicious
0.3252349791790601,14270.203617022104,0.7063414634146341,74.38186831670956,410,0,malicious
0.33748958953004166,14538.963580939791,0.7212135633551457,74.58587134988588,410,0,malicious
0.33261748958953,14434.450765944997,0.7450208209399167,73.70701918084586,410,0,malicious
0.3396311719214753,14583.926579721352,0.745960737656157,73.49591152329808,410,0,malicious
0.3357049375371802,14501.03878758324,0.7368233194527067,73.37311117579455,410,0,malicious
0.3385663295657347,14561.644532509123,0.747876264128495,73.69938263740596,410,0,malicious
0.3351100535395598,14488.305143796662,0.7333491969066032,74.12791301533879,410,0,malicious
0.3380963712076145,14551.763654325328,0.7300416418798334,73.92115145331236,410,0,malicious
0.32945865556216536,14365.040130672764,0.7221653777513385,73.49318565823766,410,0,malicious
0.34427126710291495,14679.300227811198,0.7196906603212374,73.18538252893428,410,0,malicious
0.3241046995835812,14244.431335024443,0.7003926234384295,73.64202109835257,410,0,malicious
0.35236168947055324,14838.89547539229,0.7262105889351577,72.91917594574089,410,0,malicious
0.32452706722189173,14254.081472292775,0.7413325401546699,74.01641606255427,410,0,malicious
0.3223140987507436,14203.262525332993,0.7280071386079714,74.10015708171109,410,0,malicious
0.3466508030933968,14727.123648121691,0.7464604402141582,73.17888210409409,410,0,malicious
0.32249851279000596,14207.521763036575,0.738108268887567,73.82952605715683,410,0,malicious
0.35009518143961926,14795.043662838962,0.7207495538370018,73.24970783844095,410,0,malicious
0.3361213563355146,14509.924954548525,0.7427483640690066,73.30387765608724,410,0,malicious
0.3426650803093397,14646.603141061818,0.7308506841165973,73.35381168840331,410,0,malicious
0.31781592403214026,14098.002784204511,0.7528268809349891,73.35267133778333,370,0,malicious
0.3323081499107674,14427.710807972613,0.7516835217132659,73.62296429475195,410,0,malicious
0.34069601427721596,14606.061164637596,0.737644259369423,73.53362003381748,410,0,malicious
0.3252468768590125,14270.474020559415,0.7399167162403332,73.941061813744,410,0,malicious
0.34439619274241523,14681.829272230561,0.7400237953599048,72.91505310907255,410,0,malicious
0.3323200475907198,14427.970267240398,0.7288399762046401,74.23762515177198,410,0,malicious
0.3332659131469363,14448.538371889908,0.7442950624628197,74.25734504226712,410,0,malicious
0.3393872694824509,14578.835890490207,0.7581082688875669,73.70131658424452,410,0,malicious
0.3293337299226651,14362.268402369307,0.7452587745389649,73.35155323390373,410,0,malicious
0.32327186198691255,14225.334919368624,0.7452468768590125,73.63487297427906,410,0,malicious
0.3244080904223676,14251.36547093951,0.7239619274241523,73.93970067217424,410,0,malicious
0.33135633551457466,14406.894420741,0.7352647233789411,73.69612375998257,410,0,malicious
0.3293396787626413,14362.40043545438,0.7419155264723379,73.55327447271719,410,0,malicious
0.33838191552647234,14557.770649991273,0.7641641879833433,72.93766776739923,410,0,malicious
0.3451695419393218,14697.440089918255,0.7252706722189173,73.21014514803592,410,0,malicious
0.32701963117192145,14310.55842480663,0.7332302201070792,73.77213296118681,410,0,malicious
0.3193456276026175,14134.093952634354,0.7321594289113623,73.97011419674638,410,0,malicious
0.3202439024390244,14155.145643961927,0.7513265913146936,73.92471340181332,410,0,malicious
0.33516954193932186,14489.58057921034,0.7284711481261154,73.78445459478125,410,0,malicious
0.33540749553837,14494.677718565012,0.7516716240333136,73.5254363840468,410,0,malicious
0.33944675788221296,14580.078235366505,0.7441879833432481,73.42697746908888,410,0,malicious
0.3506424747174301,14805.69373493636,0.7567995240928019,72.43177498929234,410,0,malicious
0.3247590719809637,14259.372379985425,0.7615466983938132,73.7542710744381,410,0,malicious
0.32458060678167755,14255.303072301582,0.7288280785246877,74.41994593832364,410,0,malicious
0.326656751933373,14302.386495690005,0.7318143961927425,74.16356688873365,410,0,malicious
0.3375371802498513,14539.969238728969,0.7431290898274836,73.56763955898674,410,0,malicious
0.3437358715050565,14668.438477525173,0.7182391433670434,72.94984137122731,410,0,malicious
0.33878643664485425,14566.262409046622,0.737299226650803,73.08433119859541,410,0,malicious
0.32582986317668056,14283.701242617477,0.7203807257584771,73.61269445072384,410,0,malicious
0.3267932797662527,14305.46307008309,0.7573703433162893,74.07216311854548,370,0,malicious
0.31786436644854255,14099.150379677372,0.7418084473527662,74.30438965928522,410,0,malicious
0.32506841165972633,14266.41603453371,0.7381320642474718,74.63716398490564,410,0,malicious
0.34082093991671625,14608.648294685923,0.7343248066627007,73.32148657925015,410,0,malicious
0.33843545508625816,14558.895781188678,0.7221772754312908,73.20440004983878,410,0,malicious
0.3264723378941107,14298.226985226285,0.7254015466983939,74.10514428464322,410,0,malicious
0.33368828078524687,14457.685293670449,0.7407376561570493,73.63860140250422,410,0,malicious
0.3277394408090422,14326.717641062884,0.7239619274241523,74.09774729691972,410,0,malicious
0.3265437239738251,14299.837642971223,0.7526472337894111,74.34335076250909,410,0,malicious
0.3296430696014277,14369.128020143069,0.7416894705532421,74.11735782445645,410,0,malicious
0.3270255800118977,14310.692248186415,0.7326472337894111,74.34779717795928,410,0,malicious
0.32945865556216536,14365.040130672764,0.7285901249256395,74.13588556537417,410,0,malicious
0.33036287923854846,14385.0416530662,0.7288518738845925,74.4916623410632,410,0,malicious
0.33302795954788816,14443.374959414476,0.7287091017251636,73.77641516161749,410,0,malicious
0.3172635336109459,14084.895134953029,0.7149077929803689,73.63167113457881,410,0,malicious
0.3302201070791196,14381.890587084328,0.7471743010113028,74.09784242432953,410,0,malicious
0.3262462819750149,14293.12219684892,0.7223081499107674,73.34637856959326,410,0,malicious
0.3414158239143367,14620.94011766742,0.742153480071386,72.98491460443763,410,0,malicious
0.32518626734842954,14269.096330939548,0.7215777940102265,73.9489853982251,370,0,malicious
0.3304759071980964,14387.534366928949,0.7311005353955978,73.1847552279564,410,0,malicious
0.34146936347412254,14622.044124307573,0.7188459250446163,73.85540049930957,410,0,malicious
0.3402855443188578,14597.546304337135,0.7483640690065437,73.17653485191232,410,0,malicious
0.3462998215348007,14720.115990463277,0.7374063057703748,72.88555477805222,410,0,malicious
0.3281558596073766,14336.035181612137,0.7390719809637121,74.75190513118989,410,0,malicious
0.32660321237358714,14301.179351505665,0.752528256989887,73.45833556524185,410,0,malicious
0.3194646044021416,14136.88828513452,0.766424747174301,73.68360749137916,410,0,malicious
0.3257779401022644,14282.524966770461,0.7538495252008766,73.64538907500803,370,0,malicious
0.33571219868517166,14501.193930002546,0.7556026296566837,73.45559521949582,370,0,malicious
0.3278889700511322,14330.066013880345,0.758217677136596,73.88613984436202,370,0,malicious
0.31969320672023377,14142.252155823324,0.75836376917458,73.20319917629004,370,0,malicious
0.3387388459250446,14565.264483121535,0.7284711481261154,73.95984302457832,410,0,malicious
0.32298758217677137,14218.795920962766,0.7447918188458729,73.03256230602607,370,0,malicious
0.32559190957763234,14278.307715139388,0.7281142177275431,74.60644367332412,410,0,malicious
0.3373111243307555,14535.189740919344,0.7272813801308745,73.90123165812506,410,0,malicious
0.3350446162998215,14486.901633275955,0.7387150505651398,73.3490316896415,410,0,malicious
0.33035098155859605,14384.77916548498,0.7190957763236169,73.41985220336831,410,0,malicious
0.34082093991671625,14608.648294685927,0.724069006543724,73.70314313308884,410,0,malicious
0.3328435455086258,14439.3682499148,0.7349077929803688,73.29428008204565,410,0,malicious
0.3245151695419393,14253.809954998846,0.7123022010707912,74.30758201514182,410,0,malicious
0.3388042831647829,14566.636555330582,0.7460916121356336,73.10791263621799,410,0,malicious
0.3367816775728733,14523.969644045446,0.7578703152885188,72.90271497297675,410,0,malicious
0.3323140987507436,14427.840539907658,0.7232599643069602,73.82909000715287,410,0,malicious
0.3298155859607377,14372.948170807791,0.719071980963712,73.8760247304286,410,0,malicious
0.3384414039262344,14559.020772754666,0.752266508030934,73.6972292180835,410,0,malicious
0.32948867786705627,14365.705933816516,0.7501972242512783,73.88961428782285,370,0,malicious
0.3186194302410519,14116.998306627605,0.7629072315558802,73.19609314065312,370,0,malicious
0.32689470553242117,14307.747070699712,0.7202736466389054,74.57220561913823,410,0,malicious
0.3232064247471743,14223.830664499757,0.7341939321832243,73.89929806873197,410,0,malicious
0.31298758217677136,13982.088771583656,0.7480204528853177,72.98633902203103,370,0,malicious
0.32713860797144556,14313.234017965426,0.7427721594289114,74.26271237318883,410,0,malicious
0.34009518143961925,14593.589946301188,0.7700178465199287,73.5608240181861,410,0,malicious
0.33932778108268885,14577.593085383898,0.7514455681142177,72.82823417238473,410,0,malicious
0.3371921475312314,14532.671546422358,0.7283521713265914,73.26345753129257,410,0,malicious
0.3257049375371803,14280.870558850344,0.7334800713860797,74.94777855738431,410,0,malicious
0.3257168352171327,14281.140235224248,0.7506127305175491,74.11937950309206,410,0,malicious
0.3353004164187983,14492.384917110823,0.7431290898274836,73.74156044075337,410,0,malicious
0.3483640690065437,14761.100551674399,0.7296847114812611,73.54460938505748,410,0,malicious
0.3279000594883998,14330.314221195633,0.7494348602022606,74.188625524428,410,0,malicious
0.33492563950029747,14484.348369252564,0.7589411064842356,73.26275338454344,410,0,malicious
0.3244616299821535,14252.587899362334,0.744533016061868,73.93055123934215,410,0,malicious
0.3292207019631172,14359.758899315973,0.7463176680547293,73.87474442766377,410,0,malicious
0.33212968471148124,14423.816709851793,0.7521594289113623,73.66648559615592,410,0,malicious
0.32492563950029746,14263.166663422704,0.7022010707911958,74.0746910527979,410,0,malicious
0.34432480666270077,14680.384352515122,0.7311005353955978,73.50290256191693,410,0,malicious
0.3321986851716581,14425.322786190723,0.7469978086194302,73.27615601541261,370,0,malicious
0.33599643069601426,14507.26147234232,0.7203926234384295,73.42155039991465,410,0,malicious
0.3384414039262344,14559.020772754668,0.7211183819155265,72.80604784964937,410,0,malicious
0.32760856632956575,14323.784613648317,0.7584651992861392,73.5419294797207,410,0,malicious
0.3281558596073766,14336.035181612135,0.7476383105294467,73.70921918391934,410,0,malicious
0.3425520523497918,14644.289599342443,0.7238429506246282,73.50413637438079,410,0,malicious
0.3375431290898275,14540.094925242262,0.737763236168947,74.04043065220955,410,0,malicious
0.34093991671624035,14611.110341122268,0.7287091017251636,73.7422492191928,410,0,malicious
0.3386139202855443,14562.643526167818,0.7283640690065437,73.03372810853432,410,0,malicious
0.34801903628792386,14754.288678161387,0.7506008328375967,72.67991840712081,410,0,malicious
0.33725163593099344,14533.93087378586,0.721451516954194,72.98702146733115,410,0,malicious
0.33760261748958953,14541.351537248733,0.737763236168947,73.63469724478678,410,0,malicious
0.34095181439619276,14611.356444515297,0.7225461035098156,72.94520110942469,410,0,malicious
0.3343961927424152,14472.964020892072,0.7376323616894706,74.09339259515444,410,0,malicious
0.33843545508625816,14558.895781188681,0.7370493753718025,74.40368623157683,410,0,malicious
0.32642474717430103,14297.152845212317,0.7325163593099345,73.89511955470155,410,0,malicious
0.3307733491969066,14394.08620128436,0.7372873289708507,73.3476069583245,410,0,malicious
0.33273051754907795,14436.910338645059,0.7391790600832837,73.28540749119117,410,0,malicious
0.32761451516954193,14323.917981400413,0.7443188578227246,73.90962110366868,410,0,malicious
0.3319690660321237,14420.30848007316,0.7626412849494348,74.4772348258915,410,0,malicious
0.32677572873289706,14305.067703654873,0.7271743010113028,74.05074005240026,410,0,malicious
0.32696609161213563,14309.353807285015,0.7231290898274837,73.43680802138034,410,0,malicious
0.3182212968471148,14107.596612780591,0.7176561570493754,74.04172003672566,410,0,malicious
0.33564544913741823,14499.767494239606,0.732992266508031,73.63102036443321,410,0,malicious
0.3250029744199881,14264.92706850562,0.728720999405116,73.15376730004569,410,0,malicious
0.3412314098750744,14617.134574703065,0.7352647233789411,73.69017937955451,410,0,malicious
0.3383105294467579,14556.269895171607,0.730755502676978,73.3561129770777,410,0,malicious
0.3208387864366449,14169.029402531747,0.730029744199881,74.261832346218,410,0,malicious
0.340464009518144,14601.251109856781,0.712528256989887,74.10375776042117,410,0,malicious
0.35081499107674,14809.042748144662,0.7408447352766211,72.89929274816616,410,0,malicious
0.33046995835812015,14387.403212883184,0.7432242712671029,73.4359774743009,410,0,malicious
0.32440214158239145,14251.229622547698,0.7226650803093396,73.5018207645445,410,0,malicious
0.3353420582986318,14493.276739309338,0.72360499702558,73.38623028135932,410,0,malicious
0.33760856632956576,14541.47717313672,0.7502439024390244,73.14082146870423,410,0,malicious
0.341772754312909,14628.293120416058,0.7004164187983343,73.50264483244679,410,0,malicious
0.33801903628792385,14550.13493485383,0.7460916121356336,73.50542940272267,410,0,malicious
0.3442236763831053,14678.336248451304,0.733372992266508,72.6969973410599,410,0,malicious
0.342849494348602,14650.374300242489,0.731338488994646,73.32518362421662,410,0,malicious
0.328750743604997,14349.306834274907,0.7293158834027365,74.24004472258781,410,0,malicious
0.330755502676978,14393.693415685186,0.7324211778703152,73.82126002440286,410,0,malicious
0.3248304580606782,14260.998943279352,0.753837001784652,74.55095170290328,410,0,malicious
0.33469958358120167,14479.492095873466,0.7355026769779893,73.55594320682505,410,0,malicious
0.32594289113622843,14286.260588580386,0.7330041641879833,73.27719434443442,410,0,malicious
0.34183224271267104,14629.517010069143,0.7276383105294467,73.67961673826127,410,0,malicious
0.34343842950624626,14662.388063760523,0.7332302201070792,73.7016182373599,410,0,malicious
0.3468947055324212,14731.98394160989,0.7140868530636526,73.7700199189855,410,0,malicious
0.32350981558596076,14230.800242727533,0.7204997025580012,73.30102316803269,410,0,malicious
0.34610945865556214,14716.308526038656,0.7318143961927425,73.53257052600092,410,0,malicious
0.32380725758477097,14237.621541751056,0.7384651992861392,73.63983348536392,410,0,malicious
0.3366508030933968,14521.190517544654,0.7322903033908388,73.07198631200059,410,0,malicious
0.32748958953004165,14321.11629212361,0.7632242712671029,74.40304590488385,410,0,malicious
0.33111838191552645,14401.67191473288,0.7318143961927425,73.84123222662028,410,0,malicious
0.31181154127100075,13953.396387678273,0.7484441197954711,73.37703615855091,370,0,malicious
0.34218322427126713,14636.728591040606,0.7283640690065437,72.86104875078007,410,0,malicious
0.33124925639500297,14404.545204292754,0.7281261154074955,72.99127375832744,410,0,malicious
0.3342236763831053,14469.24663958753,0.7290779298036882,72.97902369052464,410,0,malicious
0.33778703152885187,14545.244109707088,0.7217132659131469,73.35179073515705,410,0,malicious
0.34319452706722187,14657.418138882764,0.7406186793575252,73.38753417808209,410,0,malicious
0.33201665675193337,14421.348305337924,0.7177632361689471,73.55011673951356,410,0,malicious
0.33254610350981556,14432.896495580302,0.7251516954193932,73.92448754164631,410,0,malicious
0.34082093991671625,14608.648294685927,0.7408447352766211,73.09988946000497,410,0,malicious
0.3327959547888162,14438.333542407689,0.7243188578227245,73.68077883081376,410,0,malicious
0.3361213563355146,14509.924954548525,0.7541701368233195,72.7362630462098,410,0,malicious
0.33082688875669247,14395.264309557671,0.751076740035693,74.70152990713446,410,0,malicious
0.3360023795359905,14507.38835085133,0.7473884592504462,73.33645549032562,410,0,malicious
0.3439024390243902,14671.821683521714,0.7313503866745985,72.8493877549359,410,0,malicious
0.32273051754907794,14212.873876717635,0.7200356930398573,73.53718707725744,410,0,malicious
0.3462343842950625,14718.807706132971,0.7356335514574658,73.59799543723173,410,0,malicious
0.34325996430696015,14658.752292741674,0.7363236168947055,73.23333426914986,410,0,malicious
0.32046995835812014,14160.42689372792,0.718488994646044,74.02191797974338,410,0,malicious
0.3337358715050565,14458.714478417493,0.7059964306960143,73.86453931511703,410,0,malicious
0.34534800713860797,14701.031540787602,0.7531112433075551,72.19618312451433,410,0,malicious
0.3288042831647829,14350.499025586381,0.7360856632956574,73.82762206856619,410,0,malicious
0.3347590719809637,14480.770706874186,0.7306246281975015,73.77825783416836,410,0,malicious
0.3430755502676978,14654.990977880823,0.7394289113622844,73.40226741894715,410,0,malicious
0.34118381915526474,14616.15178114055,0.7366924449732302,73.79524101011843,410,0,malicious
0.3432064247471743,14657.660753732358,0.7439500297441999,73.95242744685741,410,0,malicious
0.34386674598453304,14671.097014559973,0.7584770969660916,73.35011702148212,410,0,malicious
0.35028554431885783,14798.752453950457,0.7489470553242118,73.40409684065685,410,0,malicious
0.3483224271267103,14760.279250519592,0.7265794170136823,72.99310539128057,410,0,malicious
0.336355003652301,14514.900993952759,0.7275529583637692,73.76874005482514,370,0,malicious
0.32748958953004165,14321.11629212361,0.7420464009518144,73.56390588070907,410,0,malicious
0.33932778108268885,14577.593085383895,0.7393099345627603,73.71685135869978,410,0,malicious
0.32208209399167165,14197.897847372795,0.7131231409875074,73.67419290563798,410,0,malicious
0.3142355740630577,14012.3398631121,0.7275312314098751,74.33769370439741,410,0,malicious
0.3081519357195033,13862.960673074509,0.7212563915266618,73.21349516791659,370,0,malicious
0.3502736466389054,14798.520792574993,0.7250327186198692,73.23377876282026,410,0,malicious
0.3353955978584176,14494.423036484684,0.7258774538964902,73.36203367439566,410,0,malicious
0.3370791195716835,14530.277556498058,0.745377751338489,73.35841096724752,410,0,malicious
0.3183856829802776,14111.48099647122,0.7436230825420015,73.80468810192842,370,0,malicious
0.3317906008328376,14416.406512019239,0.7444378346222487,74.02981987976229,410,0,malicious
0.3283283759666865,14339.888698952245,0.7235930993456277,73.95838278253119,410,0,malicious
0.3269720404521118,14309.4876720855,0.7553837001784652,74.29311329406929,410,0,malicious
0.34879833432480667,14769.652110715486,0.7365734681737062,73.54040192226736,410,0,malicious
0.3406365258774539,14604.828484591402,0.7289589530041641,73.19738391208118,410,0,malicious
0.33665675193337297,14521.316889800659,0.7287091017251636,73.80749770181808,410,0,malicious
0.33891136228435453,14568.88056319961,0.7294348602022606,73.28695935859002,410,0,malicious
0.33004759071980966,14378.07951215531,0.7324092801903629,73.55319971085346,410,0,malicious
0.32809637120761453,14334.705485080833,0.7533491969066032,74.12400749157268,410,0,malicious
0.34571088637715647,14708.321383871462,0.733254015466984,72.73201933884492,410,0,malicious
0.33237358715050563,14429.13760613159,0.7245687091017252,73.20868668097084,410,0,malicious
0.33737061273051755,14536.448147822834,0.7466983938132065,73.1017702865896,410,0,malicious
0.32790600832837596,14330.447363435018,0.7341939321832243,74.3915387867087,410,0,malicious
0.3417013682331945,14626.823845328743,0.7380130874479477,74.46193145567877,410,0,malicious
0.32219138056975893,14200.42576803167,0.7265157048940832,73.36196678072427,370,0,malicious
0.3251279000594884,14267.769156772287,0.7575252825698988,73.85579546286642,410,0,malicious
0.35420582986317667,14874.082498516327,0.7390838786436645,72.84428424009586,410,0,malicious
0.32624033313503864,14292.987770567817,0.7187269482450922,74.33030444264199,410,0,malicious
0.32555149744338935,14277.390990123047,0.7510591672753835,73.75008898736803,370,0,malicious
0.3339857227840571,14464.112865924435,0.7333610945865556,74.07825161677373,410,0,malicious
0.3256513979773944,14279.65678735392,0.7210945865556216,74.08439027865468,410,0,malicious
0.32226055919095775,14202.025144037303,0.733254015466984,73.68635653625024,410,0,malicious
0.3393813206424747,14578.711630689926,0.716597263533611,74.05700544873451,410,0,malicious
0.34747769185008925,14743.569882218453,0.7482331945270673,73.00813986409194,410,0,malicious
0.33908387864366446,14572.492772743337,0.735871505056514,73.42950982323332,410,0,malicious
0.34582391433670434,14710.58849298561,0.7295538370017847,73.69474799415926,410,0,malicious
0.3301011302795955,14379.262673754076,0.737061273051755,73.83780820945177,410,0,malicious
0.33493158834027364,14484.476076175586,0.7193099345627603,73.7371307418428,410,0,malicious
0.33361094586555623,14456.01224024254,0.7135038667459845,73.6433335259588,410,0,malicious
0.33493158834027364,14484.476076175586,0.7403688280785247,73.26147545854386,410,0,malicious
0.32495252008765524,14263.778644956332,0.7507669831994156,74.05826302617561,370,0,malicious
0.33541344437834625,14494.805052701733,0.7489470553242118,73.87698041713742,410,0,malicious
0.32703152885187387,14310.82606696391,0.7296847114812611,73.22807649037233,410,0,malicious
0.34123735871505056,14617.257403188027,0.7289470553242118,72.86190477144443,410,0,malicious
0.3357644259369423,14502.309620696864,0.7246638905413444,73.99395194943546,410,0,malicious
0.3342296252230815,14469.374889581959,0.7209994051160024,73.46342909026251,410,0,malicious
0.334098750743605,14466.55232657327,0.7443188578227246,73.4739388430887,410,0,malicious
0.32374182034503274,14236.12184315924,0.7331231409875074,74.3696247985882,410,0,malicious
0.3361808447352766,14511.192566052121,0.737299226650803,74.19791114304873,410,0,malicious
0.33415229030339083,14467.707280675007,0.7445449137418203,74.21575282496113,410,0,malicious
0.3301665675193337,14380.708253899571,0.7460916121356336,72.80119115933064,410,0,malicious
0.3400475907198096,14592.600120424195,0.7546698393813206,73.30696259380869,410,0,malicious
0.35289113622843543,14849.042817544545,0.7258655562165378,73.76488176208343,410,0,malicious
0.33327186198691255,14448.667362854647,0.7343129089827484,73.61997174196904,410,0,malicious
0.32910767400356933,14357.247734832315,0.7286020226055919,74.28180268167749,410,0,malicious
0.3340928019036288,14466.423975328236,0.718488994646044,73.42866492216001,410,0,malicious
0.3431469363474123,14656.447495392391,0.7418084473527662,73.21515174582699,410,0,malicious
0.3436882807852469,14667.471184509233,0.7483640690065437,73.29868011466296,410,0,malicious
0.33546698393813207,14495.950852828673,0.7464604402141582,73.73030421622478,410,0,malicious
0.33707317073170734,14530.151511005353,0.7317073170731707,73.54827978325997,410,0,malicious
0.33717311906501096,14532.268630095014,0.7453761869978086,74.22316313642536,370,0,malicious
0.32839381320642475,14341.34936543731,0.7523973825104104,74.44179785355223,410,0,malicious
0.34195121951219515,14631.96340868531,0.7183819155264723,73.46531240263708,410,0,malicious
